BPI RK,TEAM,CONF,W-L,OFF,DEF,BPI,Year,,,,,
1,Virginia Cavaliers,ACC,35-3,12.2,11,23.2,2019,,,,,
2,Gonzaga Bulldogs,WCC,33-4,14,9,23.1,2019,,,,,
3,Duke Blue Devils,ACC,32-6,10.9,10.4,21.3,2019,,,,,
4,Michigan State Spartans,Big Ten,32-7,10.7,9.1,19.8,2019,,,,,
5,North Carolina Tar Heels,ACC,29-7,10.7,8.2,18.9,2019,,,,,
6,Texas Tech Red Raiders,Big 12,31-7,6.2,12.6,18.8,2019,,,,,
7,Kentucky Wildcats,SEC,30-7,9.4,8.8,18.3,2019,,,,,
8,Michigan Wolverines,Big Ten,30-7,6.3,11.5,17.8,2019,,,,,
9,Purdue Boilermakers,Big Ten,26-10,11.8,5.6,17.4,2019,,,,,
10,Tennessee Volunteers,SEC,31-6,11.4,5.7,17.1,2019,,,,,
11,Virginia Tech Hokies,ACC,26-9,9.9,6.7,16.5,2019,,,,,
12,Auburn Tigers,SEC,30-10,10.5,5.9,16.4,2019,,,,,
13,Houston Cougars,American,33-4,7.7,8.1,15.9,2019,,,,,
14,Florida State Seminoles,ACC,29-8,5.9,8.7,14.6,2019,,,,,
15,Iowa State Cyclones,Big 12,23-12,9,5.5,14.5,2019,,,,,
16,Wofford Terriers,Southern,30-5,9.9,4.4,14.3,2019,,,,,
17,Wisconsin Badgers,Big Ten,23-11,5,9.4,14.3,2019,,,,,
18,Kansas Jayhawks,Big 12,26-10,6.9,7.3,14.2,2019,,,,,
19,Louisville Cardinals,ACC,20-14,6.8,6.6,13.4,2019,,,,,
20,Mississippi State Bulldogs,SEC,23-11,8.7,4.2,12.9,2019,,,,,
21,Nevada Wolf Pack,Mountain West,29-5,7.1,5.7,12.9,2019,,,,,
22,Kansas State Wildcats,Big 12,25-9,2.8,9.9,12.7,2019,,,,,
23,LSU Tigers,SEC,28-7,8.5,4.2,12.7,2019,,,,,
24,Buffalo Bulls,MAC,32-4,7,5.6,12.6,2019,,,,,
25,Villanova Wildcats,Big East,26-10,8.5,4,12.5,2019,,,,,
26,Maryland Terrapins,Big Ten,23-11,6.1,5.9,12,2019,,,,,
27,Cincinnati Bearcats,American,28-7,5.2,6.7,11.8,2019,,,,,
28,Texas Longhorns,Big 12,21-16,5.8,6,11.8,2019,,,,,
29,NC State Wolfpack,ACC,24-12,7,4.6,11.7,2019,,,,,
30,Florida Gators,SEC,20-16,4.4,7.2,11.6,2019,,,,,
31,Oregon Ducks,Pac-12,25-13,3.7,7.8,11.6,2019,,,,,
32,Marquette Golden Eagles,Big East,24-10,5.7,5.8,11.5,2019,,,,,
33,Clemson Tigers,ACC,20-14,3,7.9,10.9,2019,,,,,
34,Oklahoma Sooners,Big 12,20-14,4,6.6,10.6,2019,,,,,
35,Syracuse Orange,ACC,20-14,3.8,6.7,10.5,2019,,,,,
36,UCF Knights,American,24-9,4.5,6,10.5,2019,,,,,
37,Iowa Hawkeyes,Big Ten,23-12,8.9,1.6,10.5,2019,,,,,
38,Saint Mary's Gaels,WCC,22-12,7.3,3.1,10.4,2019,,,,,
39,Baylor Bears,Big 12,20-14,6.7,3.6,10.3,2019,,,,,
40,Nebraska Cornhuskers,Big Ten,19-17,5.7,4.5,10.2,2019,,,,,
41,VCU Rams,A-10,25-8,0.1,9.9,10,2019,,,,,
42,Ohio State Buckeyes,Big Ten,20-15,3.5,6.3,9.8,2019,,,,,
43,TCU Horned Frogs,Big 12,23-14,4.2,5.3,9.5,2019,,,,,
44,Belmont Bruins,OVC,27-6,7.5,1.9,9.4,2019,,,,,
45,Indiana Hoosiers,Big Ten,19-16,3.1,5.9,9,2019,,,,,
46,Murray State Racers,OVC,28-5,5.8,3.2,9,2019,,,,,
47,Lipscomb Bisons,ASUN,29-8,4.9,4.1,8.9,2019,,,,,
48,Penn State Nittany Lions,Big Ten,14-18,2.3,6.6,8.9,2019,,,,,
49,Utah State Aggies,Mountain West,28-7,4.5,4.4,8.9,2019,,,,,
50,Creighton Bluejays,Big East,20-15,6.4,2.4,8.8,2019,,,,,
51,Ole Miss Rebels,SEC,20-13,5.2,3.5,8.7,2019,,,,,
52,Washington Huskies,Pac-12,27-9,2.3,6.4,8.7,2019,,,,,
53,Minnesota Golden Gophers,Big Ten,22-14,3.7,4.4,8.1,2019,,,,,
54,Dayton Flyers,A-10,21-12,5.4,2.7,8.1,2019,,,,,
55,Vermont Catamounts,Am. East,27-7,4.3,3.6,7.9,2019,,,,,
56,New Mexico State Aggies,WAC,30-5,5.3,2.6,7.9,2019,,,,,
57,Seton Hall Pirates,Big East,20-14,3.1,4.6,7.7,2019,,,,,
58,Liberty Flames,ASUN,29-7,4.2,3.3,7.5,2019,,,,,
59,Furman Paladins,Southern,25-8,3.5,4,7.5,2019,,,,,
60,Arizona State Sun Devils,Pac-12,23-11,3.5,4,7.4,2019,,,,,
61,Arkansas Razorbacks,SEC,18-16,3,4.4,7.4,2019,,,,,
62,San Francisco Dons,WCC,21-10,5,2.2,7.1,2019,,,,,
63,Toledo Rockets,MAC,25-8,3.8,3.2,7.1,2019,,,,,
64,Memphis Tigers,American,22-14,3.4,3.6,7.1,2019,,,,,
65,Xavier Musketeers,Big East,19-16,4.8,2.1,6.9,2019,,,,,
66,Butler Bulldogs,Big East,16-17,5,1.9,6.9,2019,,,,,
67,Alabama Crimson Tide,SEC,18-16,2.5,4.4,6.9,2019,,,,,
68,Fresno State Bulldogs,Mountain West,23-9,3.5,3.2,6.7,2019,,,,,
69,Temple Owls,American,23-10,3.7,2.9,6.6,2019,,,,,
70,Northwestern Wildcats,Big Ten,13-19,-0.1,6.6,6.6,2019,,,,,
71,East Tennessee State Buccaneers,Southern,24-10,3.8,2.7,6.5,2019,,,,,
72,Miami Hurricanes,ACC,14-18,4.4,2.2,6.5,2019,,,,,
73,Yale Bulldogs,Ivy,22-8,4.8,1.6,6.4,2019,,,,,
74,Hofstra Pride,CAA,27-8,8.6,-2.3,6.3,2019,,,,,
75,Providence Friars,Big East,18-16,1.1,5.1,6.3,2019,,,,,
76,St. John's Red Storm,Big East,21-13,4,2.3,6.2,2019,,,,,
77,Wichita State Shockers,American,22-15,1.7,4.3,6,2019,,,,,
78,South Carolina Gamecocks,SEC,16-16,1.7,4.3,6,2019,,,,,
79,Davidson Wildcats,A-10,24-10,3.1,2.7,5.8,2019,,,,,
80,UNC Greensboro Spartans,Southern,29-7,2,3.7,5.7,2019,,,,,
81,Colorado Buffaloes,Pac-12,23-13,1.2,4.5,5.7,2019,,,,,
82,South Dakota State Jackrabbits,Summit,24-9,6,-0.4,5.5,2019,,,,,
83,Missouri Tigers,SEC,15-17,1.7,3.8,5.5,2019,,,,,
84,USC Trojans,Pac-12,16-17,4.1,1.4,5.5,2019,,,,,
85,UC Irvine Anteaters,Big West,31-6,1.1,4.4,5.5,2019,,,,,
86,Rutgers Scarlet Knights,Big Ten,14-17,0.6,4.7,5.3,2019,,,,,
87,San Diego Toreros,WCC,21-15,1.9,3.3,5.2,2019,,,,,
88,Oregon State Beavers,Pac-12,18-13,4.7,0.5,5.2,2019,,,,,
89,West Virginia Mountaineers,Big 12,15-21,3.9,1.2,5,2019,,,,,
90,Northeastern Huskies,CAA,23-11,5.1,-0.1,5,2019,,,,,
91,Northern Kentucky Norse,Horizon,26-9,2.8,2.1,5,2019,,,,,
92,Arizona Wildcats,Pac-12,17-15,1.2,3.6,4.9,2019,,,,,
93,Illinois Fighting Illini,Big Ten,21-Dec,2.5,2.4,4.9,2019,,,,,
94,BYU Cougars,WCC,19-13,4.7,0.1,4.8,2019,,,,,
95,Notre Dame Fighting Irish,ACC,14-19,2.8,2,4.8,2019,,,,,
96,Georgetown Hoyas,Big East,19-14,3.3,1.4,4.7,2019,,,,,
97,Pittsburgh Panthers,ACC,14-19,0.2,4.5,4.7,2019,,,,,
98,UConn Huskies,American,16-17,3.1,1.4,4.5,2019,,,,,
99,Saint Louis Billikens,A-10,23-13,-1,5.5,4.5,2019,,,,,
100,SMU Mustangs,American,15-17,5.4,-1,4.5,2019,,,,,
101,Texas A&M Aggies,SEC,14-18,1.9,2.4,4.3,2019,,,,,
102,Georgia Southern Eagles,Sun Belt,21-12,3.4,0.8,4.3,2019,,,,,
103,San Diego State Aztecs,Mountain West,21-13,0.6,3.4,4.1,2019,,,,,
104,Austin Peay Governors,OVC,22-11,4.3,-0.3,4.1,2019,,,,,
105,UCLA Bruins,Pac-12,17-16,3.3,0.7,4,2019,,,,,
106,Oklahoma State Cowboys,Big 12,20-Dec,2.4,1.6,3.9,2019,,,,,
107,Georgia Tech Yellow Jackets,ACC,14-18,-2.1,5.9,3.9,2019,,,,,
108,South Florida Bulls,American,24-14,-1.1,4.6,3.6,2019,,,,,
109,Old Dominion Monarchs,CUSA,26-9,-1.9,5.5,3.6,2019,,,,,
110,St. Bonaventure Bonnies,A-10,18-16,-1.2,4.8,3.6,2019,,,,,
111,Georgia State Panthers,Sun Belt,24-10,2.9,0.7,3.5,2019,,,,,
112,DePaul Blue Demons,Big East,19-17,4.4,-1,3.4,2019,,,,,
113,Grand Canyon Lopes,WAC,20-14,1.9,1.5,3.4,2019,,,,,
114,Harvard Crimson,Ivy,19-12,0.8,2.6,3.4,2019,,,,,
115,Boston College Eagles,ACC,14-17,2.2,1.1,3.4,2019,,,,,
116,Jacksonville State Gamecocks,OVC,24-9,0.4,2.9,3.3,2019,,,,,
117,Loyola Chicago Ramblers,MVC,20-14,0.3,2.9,3.2,2019,,,,,
118,Pennsylvania Quakers,Ivy,19-12,0.2,2.9,3.2,2019,,,,,
119,Texas State Bobcats,Sun Belt,24-10,-0.9,4,3.1,2019,,,,,
120,Western Kentucky Hilltoppers,CUSA,20-14,0.5,2.6,3.1,2019,,,,,
121,Stanford Cardinal,Pac-12,15-16,-0.7,3.8,3.1,2019,,,,,
122,Charleston Cougars,CAA,24-9,2.8,0.2,3.1,2019,,,,,
123,Akron Zips,MAC,17-16,-2.7,5.8,3,2019,,,,,
124,Montana Grizzlies,Big Sky,26-9,2.5,0.6,3,2019,,,,,
125,Wright State Raiders,Horizon,21-14,1.3,1.7,3,2019,,,,,
126,Ball State Cardinals,MAC,16-17,0.4,2.5,2.9,2019,,,,,
127,Tulsa Golden Hurricane,American,18-14,0.9,2,2.8,2019,,,,,
128,Utah Utes,Pac-12,17-14,5.7,-2.8,2.8,2019,,,,,
129,Georgia Bulldogs,SEC,21-Nov,0.6,2.1,2.6,2019,,,,,
130,Boise State Broncos,Mountain West,13-20,2.4,0.1,2.6,2019,,,,,
131,Colgate Raiders,Patriot,24-11,3.5,-1,2.6,2019,,,,,
132,Rhode Island Rams,A-10,18-15,-0.1,2.6,2.5,2019,,,,,
133,Bowling Green Falcons,MAC,22-12,1.4,1.1,2.5,2019,,,,,
134,Loyola Marymount Lions,WCC,22-12,-0.5,2.9,2.4,2019,,,,,
135,Southern Miss Golden Eagles,CUSA,20-13,1.3,1.1,2.4,2019,,,,,
136,Utah Valley Wolverines,WAC,25-10,2.7,-0.3,2.4,2019,,,,,
137,Drake Bulldogs,MVC,24-10,1.2,1,2.3,2019,,,,,
138,Bucknell Bison,Patriot,21-12,1.5,0.7,2.2,2019,,,,,
139,Radford Highlanders,Big South,22-11,2.7,-0.5,2.2,2019,,,,,
140,Gardner-Webb Runnin' Bulldogs,Big South,23-12,2.3,-0.3,2,2019,,,,,
141,UC Santa Barbara Gauchos,Big West,22-10,1.5,-0.1,1.4,2019,,,,,
142,Brown Bears,Ivy,20-12,-2,3.4,1.4,2019,,,,,
143,UL Monroe Warhawks,Sun Belt,19-16,5,-3.6,1.4,2019,,,,,
144,Louisiana Tech Bulldogs,CUSA,20-13,0.6,0.8,1.4,2019,,,,,
145,Southern Illinois Salukis,MVC,17-15,-0.2,1.6,1.3,2019,,,,,
146,UNLV Rebels,Mountain West,17-14,2,-0.7,1.3,2019,,,,,
147,George Mason Patriots,A-10,18-15,0.1,1.1,1.2,2019,,,,,
148,Central Michigan Chippewas,MAC,23-12,3.3,-2.1,1.2,2019,,,,,
149,North Texas Mean Green,CUSA,21-12,-1.9,3,1,2019,,,,,
150,Abilene Christian Wildcats,Southland,27-7,0.2,0.9,1,2019,,,,,
151,Stony Brook Seawolves,Am. East,24-9,-2.7,3.8,1,2019,,,,,
152,Vanderbilt Commodores,SEC,23-Sep,-0.7,1.7,0.9,2019,,,,,
153,Northern Illinois Huskies,MAC,17-17,1.6,-0.7,0.9,2019,,,,,
154,Pepperdine Waves,WCC,16-18,2.1,-1.5,0.6,2019,,,,,
155,Samford Bulldogs,Southern,17-16,0.7,-0.1,0.6,2019,,,,,
156,Northern Colorado Bears,Big Sky,21-11,1.2,-0.6,0.6,2019,,,,,
157,Coastal Carolina Chanticleers,Sun Belt,17-17,1.8,-1.3,0.6,2019,,,,,
158,Purdue Fort Wayne Mastodons,Summit,18-15,3.2,-2.7,0.6,2019,,,,,
159,Kent State Golden Flashes,MAC,22-11,2.3,-1.8,0.5,2019,,,,,
160,Miami (OH) RedHawks,MAC,15-17,-0.3,0.7,0.4,2019,,,,,
161,Lehigh Mountain Hawks,Patriot,20-11,3.1,-2.8,0.3,2019,,,,,
162,Duquesne Dukes,A-10,19-13,0.3,-0.1,0.2,2019,,,,,
163,Omaha Mavericks,Summit,21-11,4.4,-4.3,0.1,2019,,,,,
164,Winthrop Eagles,Big South,18-12,2.5,-2.6,-0.1,2019,,,,,
165,Marshall Thundering Herd,CUSA,23-14,1.7,-1.8,-0.2,2019,,,,,
166,Campbell Fighting Camels,Big South,20-13,2.4,-2.5,-0.2,2019,,,,,
167,Wake Forest Demon Deacons,ACC,20-Nov,0.3,-0.5,-0.2,2019,,,,,
168,Presbyterian Blue Hose,Big South,20-16,2.6,-2.9,-0.2,2019,,,,,
169,Charleston Southern Buccaneers,Big South,18-16,-1.9,1.7,-0.3,2019,,,,,
170,UAB Blazers,CUSA,20-15,0.7,-1,-0.4,2019,,,,,
171,Bradley Braves,MVC,20-15,-2,1.6,-0.4,2019,,,,,
172,Missouri State Bears,MVC,16-16,-0.1,-0.3,-0.4,2019,,,,,
173,Princeton Tigers,Ivy,16-12,-2.6,2.2,-0.5,2019,,,,,
174,Richmond Spiders,A-10,13-20,3.1,-3.6,-0.5,2019,,,,,
175,Saint Joseph's Hawks,A-10,14-19,0.8,-1.5,-0.6,2019,,,,,
176,Hampton Pirates,Big South,18-17,0.7,-1.3,-0.6,2019,,,,,
177,NJIT Highlanders,ASUN,22-13,-1.7,0.9,-0.8,2019,,,,,
178,Iona Gaels,MAAC,17-16,2.4,-3.1,-0.8,2019,,,,,
179,Hartford Hawks,Am. East,18-15,2.3,-3.1,-0.8,2019,,,,,
180,Louisiana Ragin' Cajuns,Sun Belt,19-13,1.9,-2.7,-0.8,2019,,,,,
181,Rider Broncs,MAAC,16-15,-0.7,-0.2,-0.9,2019,,,,,
182,New Mexico Lobos,Mountain West,14-18,-0.3,-0.6,-0.9,2019,,,,,
183,Oakland Golden Grizzlies,Horizon,16-17,2.9,-3.9,-1,2019,,,,,
184,UT Arlington Mavericks,Sun Belt,17-16,-3.3,2.3,-1,2019,,,,,
185,Green Bay Phoenix,Horizon,21-17,0.2,-1.2,-1.1,2019,,,,,
186,Sam Houston Bearkats,Southland,21-12,0,-1,-1.1,2019,,,,,
187,Mercer Bears,Southern,20-Nov,-0.4,-0.7,-1.1,2019,,,,,
188,Texas Southern Tigers,SWAC,24-14,1.6,-2.7,-1.1,2019,,,,,
189,American University Eagles,Patriot,15-15,-1.3,0.1,-1.1,2019,,,,,
190,Eastern Michigan Eagles,MAC,15-17,-1.2,0,-1.2,2019,,,,,
191,Cal State Fullerton Titans,Big West,16-18,-2.4,1.2,-1.2,2019,,,,,
192,Dartmouth Big Green,Ivy,19-Nov,-0.2,-1.1,-1.2,2019,,,,,
193,North Dakota State Bison,Summit,19-16,2.2,-3.7,-1.5,2019,,,,,
194,Lamar Cardinals,Southland,20-13,-0.9,-0.6,-1.5,2019,,,,,
195,Northern Iowa Panthers,MVC,16-18,-1.8,0.3,-1.5,2019,,,,,
196,Fairleigh Dickinson Knights,NEC,21-14,1.3,-2.9,-1.5,2019,,,,,
197,Colorado State Rams,Mountain West,20-Dec,2.8,-4.4,-1.5,2019,,,,,
198,Weber State Wildcats,Big Sky,18-15,-0.5,-1,-1.6,2019,,,,,
199,IUPUI Jaguars,Horizon,16-17,-0.9,-0.7,-1.6,2019,,,,,
200,Appalachian State Mountaineers,Sun Belt,21-Nov,2,-3.8,-1.9,2019,,,,,
201,Massachusetts Minutemen,A-10,21-Nov,0.3,-2.3,-1.9,2019,,,,,
202,UMBC Retrievers,Am. East,21-13,-4.2,2.2,-2,2019,,,,,
203,Columbia Lions,Ivy,18-Oct,-1.2,-0.9,-2.1,2019,,,,,
204,Seattle U Redhawks,WAC,18-15,-1.3,-0.9,-2.2,2019,,,,,
205,UTSA Roadrunners,CUSA,17-15,-0.5,-1.8,-2.2,2019,,,,,
206,Florida Atlantic Owls,CUSA,17-16,-3.8,1.5,-2.3,2019,,,,,
207,Hawai'i Rainbow Warriors,Big West,18-13,0.2,-2.6,-2.4,2019,,,,,
208,Ohio Bobcats,MAC,14-17,-3.6,1.2,-2.4,2019,,,,,
209,Santa Clara Broncos,WCC,16-15,-2.2,-0.2,-2.5,2019,,,,,
210,California Baptist Lancers,WAC,16-15,0.4,-2.9,-2.5,2019,,,,,
211,Long Beach State Beach,Big West,15-19,-2.4,-0.1,-2.5,2019,,,,,
212,North Florida Ospreys,ASUN,16-17,-0.6,-2,-2.6,2019,,,,,
213,Prairie View A&M Panthers,SWAC,22-13,-1.2,-1.4,-2.6,2019,,,,,
214,South Alabama Jaguars,Sun Belt,17-17,-1.1,-1.6,-2.6,2019,,,,,
215,Valparaiso Beacons,MVC,15-18,-3.3,0.6,-2.8,2019,,,,,
216,UIC Flames,Horizon,16-16,-2.3,-0.5,-2.8,2019,,,,,
217,Illinois State Redbirds,MVC,17-16,-2,-0.9,-2.9,2019,,,,,
218,Quinnipiac Bobcats,MAAC,16-15,0.6,-3.6,-3,2019,,,,,
219,St. Francis (PA) Red Flash,NEC,18-15,1.1,-4.2,-3,2019,,,,,
220,UT Rio Grande Valley Vaqueros,WAC,20-17,-3.9,0.8,-3.1,2019,,,,,
221,Boston University Terriers,Patriot,15-18,-0.3,-2.8,-3.1,2019,,,,,
222,La Salle Explorers,A-10,21-Oct,-3,-0.2,-3.2,2019,,,,,
223,William & Mary Tribe,CAA,14-17,0,-3.2,-3.2,2019,,,,,
224,Army Black Knights,Patriot,13-19,-4.1,0.9,-3.2,2019,,,,,
225,South Dakota Coyotes,Summit,13-17,-2.1,-1.2,-3.3,2019,,,,,
226,Eastern Kentucky Colonels,OVC,13-18,-2.4,-1,-3.4,2019,,,,,
227,Florida International Panthers,CUSA,20-14,-1.6,-1.9,-3.5,2019,,,,,
228,Pacific Tigers,WCC,14-18,-2.5,-1,-3.5,2019,,,,,
229,High Point Panthers,Big South,16-15,-2.9,-0.7,-3.5,2019,,,,,
230,Indiana State Sycamores,MVC,15-16,-2.5,-1.1,-3.6,2019,,,,,
231,Holy Cross Crusaders,Patriot,16-17,-1.7,-1.9,-3.6,2019,,,,,
232,Sacred Heart Pioneers,NEC,15-17,-0.1,-3.5,-3.6,2019,,,,,
233,Norfolk State Spartans,MEAC,22-14,-3.8,0.2,-3.6,2019,,,,,
234,Troy Trojans,Sun Belt,18-Dec,-0.4,-3.3,-3.7,2019,,,,,
235,Washington State Cougars,Pac-12,21-Nov,1.6,-5.3,-3.8,2019,,,,,
236,Long Island University Sharks,NEC,16-16,-3.2,-0.6,-3.8,2019,,,,,
237,Eastern Washington Eagles,Big Sky,16-18,-1.2,-2.6,-3.9,2019,,,,,
238,Robert Morris Colonials,NEC,18-17,-4.3,0.5,-3.9,2019,,,,,
239,Cal State Bakersfield Roadrunners,WAC,18-16,-1.5,-2.5,-3.9,2019,,,,,
240,Cornell Big Red,Ivy,15-16,-3.8,-0.2,-4,2019,,,,,
241,Little Rock Trojans,Sun Belt,21-Oct,-2.8,-1.2,-4,2019,,,,,
242,The Citadel Bulldogs,Southern,18-Dec,2.6,-6.7,-4.1,2019,,,,,
243,Portland State Vikings,Big Sky,16-16,-1.5,-2.7,-4.2,2019,,,,,
244,UMass Lowell River Hawks,Am. East,15-17,0,-4.2,-4.2,2019,,,,,
245,Drexel Dragons,CAA,13-19,0.6,-4.8,-4.3,2019,,,,,
246,Fordham Rams,A-10,20-Dec,-4.5,0.2,-4.3,2019,,,,,
247,Sacramento State Hornets,Big Sky,15-16,-4.3,0,-4.3,2019,,,,,
248,Evansville Purple Aces,MVC,21-Nov,-3.7,-0.9,-4.6,2019,,,,,
249,North Dakota Fighting Hawks,Summit,18-Dec,-3.1,-1.5,-4.6,2019,,,,,
250,Marist Red Foxes,MAAC,19-Dec,-1.7,-2.9,-4.6,2019,,,,,
251,Siena Saints,MAAC,17-16,-1.5,-3.1,-4.6,2019,,,,,
252,Morehead State Eagles,OVC,13-20,-1.2,-3.4,-4.6,2019,,,,,
253,Florida Gulf Coast Eagles,ASUN,14-18,-2.5,-2.2,-4.6,2019,,,,,
254,Canisius Golden Griffins,MAAC,15-17,-1.7,-3,-4.7,2019,,,,,
255,Jacksonville Dolphins,ASUN,20-Dec,-2.7,-2,-4.7,2019,,,,,
256,Chattanooga Mocs,Southern,20-Dec,-2.2,-2.7,-4.9,2019,,,,,
257,UC Davis Aggies,Big West,20-Nov,-4.5,-0.4,-5,2019,,,,,
258,St. Francis Brooklyn Terriers,NEC,17-16,-4.8,-0.2,-5,2019,,,,,
259,Montana State Bobcats,Big Sky,15-17,2,-7,-5,2019,,,,,
260,Delaware Blue Hens,CAA,17-16,-0.1,-5.1,-5.2,2019,,,,,
261,Western Michigan Broncos,MAC,24-Aug,-3.4,-1.9,-5.3,2019,,,,,
262,SE Louisiana Lions,Southland,17-16,-4,-1.3,-5.3,2019,,,,,
263,UNC Wilmington Seahawks,CAA,23-Oct,1.2,-6.6,-5.3,2019,,,,,
264,Kansas City Roos,WAC,21-Nov,-2.9,-2.5,-5.4,2019,,,,,
265,North Carolina Central Eagles,MEAC,18-16,-3.6,-1.8,-5.4,2019,,,,,
266,Grambling Tigers,SWAC,17-17,-5.6,0.2,-5.4,2019,,,,,
267,Loyola Maryland Greyhounds,Patriot,21-Nov,-2.1,-3.3,-5.4,2019,,,,,
268,UAlbany Great Danes,Am. East,20-Dec,-3.9,-1.7,-5.6,2019,,,,,
269,Arkansas State Red Wolves,Sun Belt,13-19,-1.9,-3.7,-5.6,2019,,,,,
270,Detroit Mercy Titans,Horizon,20-Nov,-0.2,-5.4,-5.7,2019,,,,,
271,Southern Utah Thunderbirds,Big Sky,17-17,-4.5,-1.3,-5.7,2019,,,,,
272,Houston Christian Huskies,Southland,18-Dec,0,-5.9,-6,2019,,,,,
273,Towson Tigers,CAA,22-Oct,-2.6,-3.5,-6,2019,,,,,
274,Fairfield Stags,MAAC,22-Sep,-4.3,-1.7,-6,2019,,,,,
275,California Golden Bears,Pac-12,23-Aug,-2,-4.1,-6.1,2019,,,,,
276,Bethune-Cookman Wildcats,MEAC,14-17,-6.2,0,-6.1,2019,,,,,
277,Middle Tennessee Blue Raiders,CUSA,21-Nov,-5,-1.2,-6.2,2019,,,,,
278,East Carolina Pirates,American,21-Oct,-4.6,-1.7,-6.2,2019,,,,,
279,Cal State Northridge Matadors,Big West,13-21,-0.4,-5.8,-6.3,2019,,,,,
280,George Washington Revolutionaries,A-10,24-Sep,-5,-1.3,-6.3,2019,,,,,
281,Rice Owls,CUSA,13-19,-1.6,-4.8,-6.4,2019,,,,,
282,New Orleans Privateers,Southland,19-14,-5.8,-0.6,-6.4,2019,,,,,
283,Monmouth Hawks,MAAC,14-21,-7.1,0.7,-6.4,2019,,,,,
284,Tulane Green Wave,American,27-Apr,-4.9,-1.5,-6.4,2019,,,,,
285,Tennessee State Tigers,OVC,21-Sep,-3.4,-3,-6.4,2019,,,,,
286,Youngstown State Penguins,Horizon,20-Dec,-1,-5.4,-6.4,2019,,,,,
287,Air Force Falcons,Mountain West,14-18,-2.9,-3.6,-6.5,2019,,,,,
288,Navy Midshipmen,Patriot,19-Dec,-4.9,-1.7,-6.6,2019,,,,,
289,Lafayette Leopards,Patriot,20-Oct,-1.5,-5.2,-6.6,2019,,,,,
290,Western Carolina Catamounts,Southern,25-Jul,-3,-3.6,-6.7,2019,,,,,
291,James Madison Dukes,CAA,14-19,-2.6,-4.1,-6.7,2019,,,,,
292,Longwood Lancers,Big South,16-18,-4.3,-2.4,-6.7,2019,,,,,
293,Western Illinois Leathernecks,Summit,21-Oct,-4.6,-2.2,-6.7,2019,,,,,
294,North Carolina A&T Aggies,MEAC,19-13,-4.1,-2.6,-6.7,2019,,,,,
295,Wagner Seahawks,NEC,13-17,-5.9,-1,-6.8,2019,,,,,
296,Milwaukee Panthers,Horizon,22-Sep,-3.3,-3.6,-6.9,2019,,,,,
297,UT Martin Skyhawks,OVC,19-Dec,0,-7,-6.9,2019,,,,,
298,Niagara Purple Eagles,MAAC,13-19,-1.2,-5.8,-7,2019,,,,,
299,Cleveland State Vikings,Horizon,21-Oct,-2.5,-4.5,-7,2019,,,,,
300,Howard Bison,MEAC,17-17,-1.5,-5.7,-7.2,2019,,,,,
301,Oral Roberts Golden Eagles,Summit,21-Nov,-0.9,-6.4,-7.3,2019,,,,,
302,VMI Keydets,Southern,21-Nov,-1.9,-5.4,-7.3,2019,,,,,
303,Texas A&M-Corpus Christi Islanders,Southland,14-18,-6.4,-1,-7.4,2019,,,,,
304,Saint Peter's Peacocks,MAAC,22-Oct,-5.7,-1.9,-7.6,2019,,,,,
305,Eastern Illinois Panthers,OVC,14-18,-2.8,-4.8,-7.6,2019,,,,,
306,Central Arkansas Bears,Southland,14-19,-3.9,-4.1,-8,2019,,,,,
307,UC Riverside Highlanders,Big West,23-Oct,-3.2,-5,-8.1,2019,,,,,
308,UTEP Miners,CUSA,21-Aug,-8.5,0.2,-8.2,2019,,,,,
309,Nicholls Colonels,Southland,14-17,-4.1,-4.1,-8.3,2019,,,,,
310,Northern Arizona Lumberjacks,Big Sky,21-Oct,-2.6,-5.8,-8.4,2019,,,,,
311,Elon Phoenix,CAA,21-Nov,-3.4,-5.1,-8.5,2019,,,,,
312,Stephen F. Austin Lumberjacks,Southland,14-16,-6.1,-2.5,-8.6,2019,,,,,
313,Southeast Missouri State Redhawks,OVC,21-Oct,-4.1,-4.6,-8.7,2019,,,,,
314,Charlotte 49ers,CUSA,21-Aug,-6.1,-2.7,-8.8,2019,,,,,
315,Arkansas-Pine Bluff Golden Lions,SWAC,13-19,-5.9,-3.1,-9,2019,,,,,
316,Manhattan Jaspers,MAAC,21-Nov,-9.5,0.5,-9,2019,,,,,
317,Idaho State Bengals,Big Sky,19-Nov,-0.6,-8.5,-9.1,2019,,,,,
318,North Alabama Lions,ASUN,22-Oct,-7.5,-1.7,-9.2,2019,,,,,
319,Central Connecticut Blue Devils,NEC,20-Nov,-4.6,-4.7,-9.3,2019,,,,,
320,Alabama State Hornets,SWAC,19-Dec,-6.1,-3.2,-9.3,2019,,,,,
321,Mount St. Mary's Mountaineers,NEC,22-Sep,-6.1,-3.4,-9.5,2019,,,,,
322,Denver Pioneers,Summit,22-Aug,-2.9,-6.6,-9.5,2019,,,,,
323,Bryant Bulldogs,NEC,20-Oct,-3.3,-6.4,-9.6,2019,,,,,
324,Jackson State Tigers,SWAC,13-19,-9.4,-0.3,-9.7,2019,,,,,
325,Florida A&M Rattlers,MEAC,19-Dec,-8.9,-0.8,-9.7,2019,,,,,
326,Binghamton Bearcats,Am. East,23-Oct,-4.8,-5,-9.8,2019,,,,,
327,Tennessee Tech Golden Eagles,OVC,23-Aug,-9.6,-0.5,-10.1,2019,,,,,
328,Maine Black Bears,Am. East,27-May,-6.3,-3.9,-10.3,2019,,,,,
329,Portland Pilots,WCC,25-Jul,-6,-4.7,-10.7,2019,,,,,
330,Wyoming Cowboys,Mountain West,24-Aug,-6.9,-4,-10.8,2019,,,,,
331,South Carolina Upstate Spartans,Big South,26-Jun,-6.2,-5,-11.2,2019,,,,,
332,McNeese Cowboys,Southland,22-Sep,-4.4,-6.9,-11.2,2019,,,,,
333,South Carolina State Bulldogs,MEAC,26-Aug,-4.3,-7.2,-11.5,2019,,,,,
334,Southern Jaguars,SWAC,25-Jul,-6.9,-4.9,-11.8,2019,,,,,
335,Stetson Hatters,ASUN,24-Jul,-5.1,-6.8,-11.9,2019,,,,,
336,SIU Edwardsville Cougars,OVC,21-Oct,-5.8,-6.2,-12,2019,,,,,
337,Morgan State Bears,MEAC,21-Sep,-8.1,-4,-12.1,2019,,,,,
338,Cal Poly Mustangs,Big West,23-Jun,-5.6,-6.6,-12.2,2019,,,,,
339,New Hampshire Wildcats,Am. East,24-May,-10.8,-1.6,-12.4,2019,,,,,
340,Northwestern State Demons,Southland,20-Nov,-9.5,-3.6,-13.1,2019,,,,,
341,Coppin State Eagles,MEAC,25-Aug,-10.3,-3.4,-13.7,2019,,,,,
342,Kennesaw State Owls,ASUN,26-Jun,-9.4,-4.4,-13.8,2019,,,,,
343,Savannah St Tigers,MEAC,20-Nov,-5.8,-8.1,-13.9,2019,,,,,
344,Alcorn State Braves,SWAC,21-Oct,-9.3,-5,-14.3,2019,,,,,
345,Alabama A&M Bulldogs,SWAC,27-May,-10.4,-4.1,-14.5,2019,,,,,
346,Idaho Vandals,Big Sky,27-May,-6.2,-8.7,-14.9,2019,,,,,
347,San José State Spartans,Mountain West,27-Apr,-8.1,-7,-15.1,2019,,,,,
348,Incarnate Word Cardinals,Southland,25-Jun,-6.4,-9.3,-15.6,2019,,,,,
349,Mississippi Valley State Delta Devils,SWAC,26-Jun,-8.8,-6.9,-15.7,2019,,,,,
350,UNC Asheville Bulldogs,Big South,27-Apr,-8.5,-8.2,-16.7,2019,,,,,
351,Maryland-Eastern Shore Hawks,MEAC,25-Jul,-11.9,-6.8,-18.8,2019,,,,,
352,Delaware State Hornets,MEAC,25-Jun,-13.2,-5.7,-18.9,2019,,,,,
353,Chicago State Cougars,WAC,29-Mar,-11.1,-10.5,-21.6,2019,,,,,
,,,,,,,,,,,,
,,,,,,,,,,,,
,,,,,,,,,,,,
,,,,,,,,,,,,
,,,,,,,,,,,,
,,,,,,,,,,,,
,,,,,,,,,,,,
,,,,,,,,,,,,
,,,,,,,,,,,,
,,,,,,,,,,,,
,,,,,,,,,,,,
,,,,,,,,,,,,
,,,,,,,,,,,,
,,,,,,,,,,,,
,,,,,,,,,,,,
,,,,,,,,,,,,
,,,,,,,,,,,,
,,,,,,,,,,,,
,,,,,,,,,,,,
,,,,,,,,,,,,
,,,,,,,,,,,,
,,,,,,,,,,,,
,,,,,,,,,,,,
,,,,,,,,,,,,
,,,,,,,,,,,,
,,,,,,,,,,,,
,,,,,,,,,,,,
,,,,,,,,,,,,
,,,,,,,,,,,,
,,,,,,,,,,,,
,,,,,,,,,,,,
,,,,,,,,,,,,
,,,,,,,,,,,,
,,,,,,,,,,,,
,,,,,,,,,,,,
,,,,,,,,,,,,
,,,,,,,,,,,,
,,,,,,,,,,,,
,,,,,,,,,,,,
,,,,,,,,,,,,
,,,,,,,,,,,,
,,,,,,,,,,,,
,,,,,,,,,,,,
,,,,,,,,,,,,
,,,,,,,,,,,,
,,,,,,,,,,,,
,,,,,,,,,,,,
,,,,,,,,,,,,
,,,,,,,,,,,,
,,,,,,,,,,,,
,,,,,,,,,,,,
,,,,,,,,,,,,
,,,,,,,,,,,,
,,,,,,,,,,,,
,,,,,,,,,,,,
,,,,,,,,,,,,
,,,,,,,,,,,,
,,,,,,,,,,,,
,,,,,,,,,,,,
,,,,,,,,,,,,
,,,,,,,,,,,,
,,,,,,,,,,,,
,,,,,,,,,,,,
,,,,,,,,,,,,
,,,,,,,,,,,,
,,,,,,,,,,,,
,,,,,,,,,,,,
,,,,,,,,,,,,
,,,,,,,,,,,,
,,,,,,,,,,,,
,,,,,,,,,,,,
,,,,,,,,,,,,
,,,,,,,,,,,,
,,,,,,,,,,,,
,,,,,,,,,,,,
,,,,,,,,,,,,
,,,,,,,,,,,,
,,,,,,,,,,,,
,,,,,,,,,,,,
,,,,,,,,,,,,
,,,,,,,,,,,,
,,,,,,,,,,,,
,,,,,,,,,,,,
,,,,,,,,,,,,
,,,,,,,,,,,,
,,,,,,,,,,,,
,,,,,,,,,,,,
,,,,,,,,,,,,
,,,,,,,,,,,,
,,,,,,,,,,,,
,,,,,,,,,,,,
,,,,,,,,,,,,
,,,,,,,,,,,,
,,,,,,,,,,,,
,,,,,,,,,,,,
,,,,,,,,,,,,
,,,,,,,,,,,,
,,,,,,,,,,,,
,,,,,,,,,,,,
,,,,,,,,,,,,
,,,,,,,,,,,,
,,,,,,,,,,,,
,,,,,,,,,,,,
,,,,,,,,,,,,
,,,,,,,,,,,,
,,,,,,,,,,,,
,,,,,,,,,,,,
,,,,,,,,,,,,
,,,,,,,,,,,,
,,,,,,,,,,,,
,,,,,,,,,,,,
,,,,,,,,,,,,
,,,,,,,,,,,,
,,,,,,,,,,,,
,,,,,,,,,,,,
,,,,,,,,,,,,
,,,,,,,,,,,,
,,,,,,,,,,,,
,,,,,,,,,,,,
,,,,,,,,,,,,
,,,,,,,,,,,,
,,,,,,,,,,,,
,,,,,,,,,,,,
,,,,,,,,,,,,
,,,,,,,,,,,,
,,,,,,,,,,,,
,,,,,,,,,,,,
,,,,,,,,,,,,
,,,,,,,,,,,,
,,,,,,,,,,,,
,,,,,,,,,,,,
,,,,,,,,,,,,
,,,,,,,,,,,,
,,,,,,,,,,,,
,,,,,,,,,,,,
,,,,,,,,,,,,
,,,,,,,,,,,,
,,,,,,,,,,,,
,,,,,,,,,,,,
,,,,,,,,,,,,
,,,,,,,,,,,,
,,,,,,,,,,,,
,,,,,,,,,,,,
,,,,,,,,,,,,
,,,,,,,,,,,,
,,,,,,,,,,,,
,,,,,,,,,,,,
,,,,,,,,,,,,
,,,,,,,,,,,,
,,,,,,,,,,,,
,,,,,,,,,,,,
,,,,,,,,,,,,
,,,,,,,,,,,,
,,,,,,,,,,,,
,,,,,,,,,,,,
,,,,,,,,,,,,
,,,,,,,,,,,,
,,,,,,,,,,,,
,,,,,,,,,,,,
,,,,,,,,,,,,
,,,,,,,,,,,,
,,,,,,,,,,,,
,,,,,,,,,,,,
,,,,,,,,,,,,
,,,,,,,,,,,,
,,,,,,,,,,,,
,,,,,,,,,,,,
,,,,,,,,,,,,
,,,,,,,,,,,,
,,,,,,,,,,,,
,,,,,,,,,,,,
,,,,,,,,,,,,
,,,,,,,,,,,,
,,,,,,,,,,,,
,,,,,,,,,,,,
,,,,,,,,,,,,
,,,,,,,,,,,,
,,,,,,,,,,,,
,,,,,,,,,,,,
,,,,,,,,,,,,
,,,,,,,,,,,,
,,,,,,,,,,,,
,,,,,,,,,,,,
,,,,,,,,,,,,
,,,,,,,,,,,,
,,,,,,,,,,,,
,,,,,,,,,,,,
,,,,,,,,,,,,
,,,,,,,,,,,,
,,,,,,,,,,,,
,,,,,,,,,,,,
,,,,,,,,,,,,
,,,,,,,,,,,,
,,,,,,,,,,,,
,,,,,,,,,,,,
,,,,,,,,,,,,
,,,,,,,,,,,,
,,,,,,,,,,,,
,,,,,,,,,,,,
,,,,,,,,,,,,
,,,,,,,,,,,,
,,,,,,,,,,,,
,,,,,,,,,,,,
,,,,,,,,,,,,
,,,,,,,,,,,,
,,,,,,,,,,,,
,,,,,,,,,,,,
,,,,,,,,,,,,
,,,,,,,,,,,,
,,,,,,,,,,,,
,,,,,,,,,,,,
,,,,,,,,,,,,
,,,,,,,,,,,,
,,,,,,,,,,,,
,,,,,,,,,,,,
,,,,,,,,,,,,
,,,,,,,,,,,,
,,,,,,,,,,,,
,,,,,,,,,,,,
,,,,,,,,,,,,
,,,,,,,,,,,,
,,,,,,,,,,,,
,,,,,,,,,,,,
,,,,,,,,,,,,
,,,,,,,,,,,,
,,,,,,,,,,,,
,,,,,,,,,,,,
,,,,,,,,,,,,
,,,,,,,,,,,,
,,,,,,,,,,,,
,,,,,,,,,,,,
,,,,,,,,,,,,
,,,,,,,,,,,,
,,,,,,,,,,,,
,,,,,,,,,,,,
,,,,,,,,,,,,
,,,,,,,,,,,,
,,,,,,,,,,,,
,,,,,,,,,,,,
,,,,,,,,,,,,
,,,,,,,,,,,,
,,,,,,,,,,,,
,,,,,,,,,,,,
,,,,,,,,,,,,
,,,,,,,,,,,,
,,,,,,,,,,,,
,,,,,,,,,,,,
,,,,,,,,,,,,
,,,,,,,,,,,,
,,,,,,,,,,,,
,,,,,,,,,,,,
,,,,,,,,,,,,
,,,,,,,,,,,,
,,,,,,,,,,,,
,,,,,,,,,,,,
,,,,,,,,,,,,
,,,,,,,,,,,,
,,,,,,,,,,,,
,,,,,,,,,,,,
,,,,,,,,,,,,
,,,,,,,,,,,,
,,,,,,,,,,,,
,,,,,,,,,,,,
,,,,,,,,,,,,
,,,,,,,,,,,,
,,,,,,,,,,,,
,,,,,,,,,,,,
,,,,,,,,,,,,
,,,,,,,,,,,,
,,,,,,,,,,,,
,,,,,,,,,,,,
,,,,,,,,,,,,
,,,,,,,,,,,,
,,,,,,,,,,,,
,,,,,,,,,,,,
,,,,,,,,,,,,
,,,,,,,,,,,,
,,,,,,,,,,,,
,,,,,,,,,,,,
,,,,,,,,,,,,
,,,,,,,,,,,,
,,,,,,,,,,,,
,,,,,,,,,,,,
,,,,,,,,,,,,
,,,,,,,,,,,,
,,,,,,,,,,,,
,,,,,,,,,,,,
,,,,,,,,,,,,
,,,,,,,,,,,,
,,,,,,,,,,,,
,,,,,,,,,,,,
,,,,,,,,,,,,
,,,,,,,,,,,,
,,,,,,,,,,,,
,,,,,,,,,,,,
,,,,,,,,,,,,
,,,,,,,,,,,,
,,,,,,,,,,,,
,,,,,,,,,,,,
,,,,,,,,,,,,
,,,,,,,,,,,,
,,,,,,,,,,,,
,,,,,,,,,,,,
,,,,,,,,,,,,
,,,,,,,,,,,,
,,,,,,,,,,,,
,,,,,,,,,,,,
,,,,,,,,,,,,
,,,,,,,,,,,,
,,,,,,,,,,,,
,,,,,,,,,,,,
,,,,,,,,,,,,
,,,,,,,,,,,,
,,,,,,,,,,,,
,,,,,,,,,,,,
,,,,,,,,,,,,
,,,,,,,,,,,,
,,,,,,,,,,,,
,,,,,,,,,,,,
,,,,,,,,,,,,
,,,,,,,,,,,,
,,,,,,,,,,,,
,,,,,,,,,,,,
,,,,,,,,,,,,
,,,,,,,,,,,,
,,,,,,,,,,,,
,,,,,,,,,,,,
,,,,,,,,,,,,
,,,,,,,,,,,,
,,,,,,,,,,,,
,,,,,,,,,,,,
,,,,,,,,,,,,
,,,,,,,,,,,,
,,,,,,,,,,,,
,,,,,,,,,,,,
,,,,,,,,,,,,
,,,,,,,,,,,,
,,,,,,,,,,,,
,,,,,,,,,,,,
,,,,,,,,,,,,
,,,,,,,,,,,,
,,,,,,,,,,,,
,,,,,,,,,,,,
,,,,,,,,,,,,
,,,,,,,,,,,,
,,,,,,,,,,,,
,,,,,,,,,,,,
,,,,,,,,,,,,
,,,,,,,,,,,,
,,,,,,,,,,,,
,,,,,,,,,,,,
,,,,,,,,,,,,
,,,,,,,,,,,,
,,,,,,,,,,,,
,,,,,,,,,,,,
,,,,,,,,,,,,